observation_date,SMU06112440000000001
1949-01-01,40.6
1949-02-01,41.2
1949-03-01,41.9
1949-04-01,43.0
1949-05-01,43.0
1949-06-01,45.1
1949-07-01,46.7
1949-08-01,48.1
1949-09-01,48.2
1949-10-01,47.7
1949-11-01,43.5
1949-12-01,43.5
1950-01-01,41.7
1950-02-01,41.8
1950-03-01,42.5
1950-04-01,43.9
1950-05-01,45.6
1950-06-01,47.8
1950-07-01,48.5
1950-08-01,50.3
1950-09-01,50.4
1950-10-01,50.1
1950-11-01,47.9
1950-12-01,48.6
1951-01-01,47.3
1951-02-01,48.5
1951-03-01,49.7
1951-04-01,50.6
1951-05-01,51.4
1951-06-01,53.8
1951-07-01,53.4
1951-08-01,55.1
1951-09-01,55.5
1951-10-01,56.9
1951-11-01,53.6
1951-12-01,53.1
1952-01-01,51.4
1952-02-01,52.2
1952-03-01,52.4
1952-04-01,54.3
1952-05-01,56.5
1952-06-01,58.0
1952-07-01,59.8
1952-08-01,61.9
1952-09-01,62.1
1952-10-01,62.8
1952-11-01,60.5
1952-12-01,61.3
1953-01-01,60.1
1953-02-01,61.2
1953-03-01,61.7
1953-04-01,62.6
1953-05-01,64.6
1953-06-01,66.0
1953-07-01,67.5
1953-08-01,68.6
1953-09-01,67.4
1953-10-01,68.0
1953-11-01,65.3
1953-12-01,65.0
1954-01-01,63.2
1954-02-01,63.9
1954-03-01,64.8
1954-04-01,66.2
1954-05-01,67.2
1954-06-01,68.0
1954-07-01,69.5
1954-08-01,71.1
1954-09-01,72.0
1954-10-01,72.5
1954-11-01,71.3
1954-12-01,72.1
1955-01-01,70.4
1955-02-01,72.1
1955-03-01,73.7
1955-04-01,77.0
1955-05-01,79.3
1955-06-01,81.4
1955-07-01,85.2
1955-08-01,87.7
1955-09-01,88.7
1955-10-01,88.7
1955-11-01,86.8
1955-12-01,87.5
1956-01-01,86.9
1956-02-01,88.6
1956-03-01,91.8
1956-04-01,93.7
1956-05-01,96.2
1956-06-01,98.5
1956-07-01,98.6
1956-08-01,103.0
1956-09-01,104.1
1956-10-01,104.0
1956-11-01,102.1
1956-12-01,103.5
1957-01-01,101.6
1957-02-01,103.3
1957-03-01,105.9
1957-04-01,109.0
1957-05-01,110.8
1957-06-01,114.1
1957-07-01,112.6
1957-08-01,115.8
1957-09-01,119.6
1957-10-01,118.6
1957-11-01,117.0
1957-12-01,119.1
1958-01-01,118.7
1958-02-01,117.4
1958-03-01,118.0
1958-04-01,119.8
1958-05-01,122.1
1958-06-01,124.5
1958-07-01,126.3
1958-08-01,128.7
1958-09-01,130.0
1958-10-01,130.3
1958-11-01,129.7
1958-12-01,134.2
1959-01-01,132.4
1959-02-01,133.2
1959-03-01,137.1
1959-04-01,142.9
1959-05-01,145.2
1959-06-01,148.9
1959-07-01,151.2
1959-08-01,153.5
1959-09-01,155.6
1959-10-01,156.5
1959-11-01,157.3
1959-12-01,159.8
1960-01-01,155.9
1960-02-01,157.7
1960-03-01,158.9
1960-04-01,163.7
1960-05-01,164.2
1960-06-01,167.4
1960-07-01,166.5
1960-08-01,169.4
1960-09-01,171.2
1960-10-01,171.5
1960-11-01,170.3
1960-12-01,173.1
1961-01-01,168.8
1961-02-01,171.0
1961-03-01,174.4
1961-04-01,178.8
1961-05-01,182.8
1961-06-01,189.4
1961-07-01,190.3
1961-08-01,193.0
1961-09-01,196.2
1961-10-01,196.1
1961-11-01,198.1
1961-12-01,203.2
1962-01-01,200.9
1962-02-01,200.3
1962-03-01,205.1
1962-04-01,213.9
1962-05-01,217.6
1962-06-01,224.4
1962-07-01,226.4
1962-08-01,229.7
1962-09-01,230.3
1962-10-01,233.2
1962-11-01,233.6
1962-12-01,239.5
1963-01-01,237.1
1963-02-01,238.4
1963-03-01,241.4
1963-04-01,245.0
1963-05-01,248.2
1963-06-01,254.1
1963-07-01,254.6
1963-08-01,255.7
1963-09-01,258.2
1963-10-01,260.6
1963-11-01,260.9
1963-12-01,267.6
1964-01-01,264.8
1964-02-01,264.6
1964-03-01,266.4
1964-04-01,270.3
1964-05-01,272.8
1964-06-01,277.4
1964-07-01,278.6
1964-08-01,280.7
1964-09-01,283.0
1964-10-01,281.0
1964-11-01,280.9
1964-12-01,286.1
1965-01-01,281.3
1965-02-01,282.5
1965-03-01,284.6
1965-04-01,286.3
1965-05-01,290.8
1965-06-01,294.8
1965-07-01,293.8
1965-08-01,296.6
1965-09-01,299.0
1965-10-01,300.6
1965-11-01,300.9
1965-12-01,305.8
1966-01-01,303.5
1966-02-01,306.5
1966-03-01,312.7
1966-04-01,321.2
1966-05-01,322.1
1966-06-01,327.9
1966-07-01,329.1
1966-08-01,331.2
1966-09-01,332.1
1966-10-01,331.9
1966-11-01,332.8
1966-12-01,339.4
1967-01-01,331.0
1967-02-01,333.2
1967-03-01,339.4
1967-04-01,344.2
1967-05-01,349.7
1967-06-01,356.9
1967-07-01,354.7
1967-08-01,358.5
1967-09-01,361.5
1967-10-01,362.7
1967-11-01,366.1
1967-12-01,372.4
1968-01-01,364.1
1968-02-01,367.3
1968-03-01,370.6
1968-04-01,374.1
1968-05-01,376.9
1968-06-01,382.0
1968-07-01,381.3
1968-08-01,385.1
1968-09-01,384.7
1968-10-01,389.4
1968-11-01,390.2
1968-12-01,395.7
1969-01-01,391.3
1969-02-01,391.4
1969-03-01,395.3
1969-04-01,402.6
1969-05-01,407.7
1969-06-01,412.8
1969-07-01,412.1
1969-08-01,410.9
1969-09-01,411.6
1969-10-01,415.2
1969-11-01,415.7
1969-12-01,424.1
1970-01-01,416.8
1970-02-01,418.4
1970-03-01,420.9
1970-04-01,422.6
1970-05-01,424.4
1970-06-01,426.4
1970-07-01,421.7
1970-08-01,419.4
1970-09-01,419.4
1970-10-01,418.1
1970-11-01,418.6
1970-12-01,420.6
1971-01-01,413.6
1971-02-01,417.0
1971-03-01,419.9
1971-04-01,425.2
1971-05-01,430.1
1971-06-01,436.5
1971-07-01,438.1
1971-08-01,440.0
1971-09-01,438.1
1971-10-01,439.7
1971-11-01,445.7
1971-12-01,450.8
1972-01-01,448.1
1972-02-01,454.5
1972-03-01,460.9
1972-04-01,465.9
1972-05-01,472.1
1972-06-01,480.8
1972-07-01,474.8
1972-08-01,478.8
1972-09-01,481.1
1972-10-01,484.2
1972-11-01,487.4
1972-12-01,497.6
1973-01-01,498.3
1973-02-01,500.8
1973-03-01,510.4
1973-04-01,519.8
1973-05-01,527.1
1973-06-01,538.3
1973-07-01,534.4
1973-08-01,535.5
1973-09-01,537.2
1973-10-01,538.7
1973-11-01,543.8
1973-12-01,546.1
1974-01-01,537.3
1974-02-01,541.4
1974-03-01,546.7
1974-04-01,555.9
1974-05-01,563.6
1974-06-01,571.7
1974-07-01,563.8
1974-08-01,567.9
1974-09-01,565.6
1974-10-01,567.0
1974-11-01,565.1
1974-12-01,564.3
1975-01-01,548.3
1975-02-01,544.6
1975-03-01,544.0
1975-04-01,550.3
1975-05-01,558.6
1975-06-01,566.7
1975-07-01,561.8
1975-08-01,564.9
1975-09-01,568.7
1975-10-01,576.5
1975-11-01,580.2
1975-12-01,587.9
1976-01-01,582.7
1976-02-01,582.5
1976-03-01,588.9
1976-04-01,599.1
1976-05-01,604.8
1976-06-01,615.6
1976-07-01,611.5
1976-08-01,614.0
1976-09-01,618.6
1976-10-01,625.7
1976-11-01,633.5
1976-12-01,642.5
1977-01-01,635.3
1977-02-01,639.1
1977-03-01,648.5
1977-04-01,663.5
1977-05-01,669.5
1977-06-01,681.0
1977-07-01,674.5
1977-08-01,678.4
1977-09-01,685.6
1977-10-01,695.4
1977-11-01,705.4
1977-12-01,714.5
1978-01-01,703.0
1978-02-01,714.5
1978-03-01,727.9
1978-04-01,734.3
1978-05-01,745.3
1978-06-01,758.4
1978-07-01,743.8
1978-08-01,752.8
1978-09-01,757.3
1978-10-01,766.3
1978-11-01,777.1
1978-12-01,786.4
1979-01-01,772.7
1979-02-01,777.7
1979-03-01,786.6
1979-04-01,792.8
1979-05-01,800.8
1979-06-01,808.9
1979-07-01,799.3
1979-08-01,805.4
1979-09-01,810.5
1979-10-01,822.3
1979-11-01,834.2
1979-12-01,840.9
1980-01-01,819.3
1980-02-01,825.5
1980-03-01,831.5
1980-04-01,830.6
1980-05-01,834.1
1980-06-01,837.3
1980-07-01,825.1
1980-08-01,832.6
1980-09-01,837.7
1980-10-01,847.1
1980-11-01,854.6
1980-12-01,861.0
1981-01-01,850.8
1981-02-01,851.0
1981-03-01,858.7
1981-04-01,862.9
1981-05-01,866.3
1981-06-01,872.4
1981-07-01,863.0
1981-08-01,866.3
1981-09-01,866.8
1981-10-01,868.3
1981-11-01,870.2
1981-12-01,873.3
1982-01-01,855.3
1982-02-01,853.4
1982-03-01,854.7
1982-04-01,854.5
1982-05-01,855.6
1982-06-01,856.4
1982-07-01,839.3
1982-08-01,836.8
1982-09-01,839.5
1982-10-01,843.3
1982-11-01,844.1
1982-12-01,849.6
1983-01-01,837.9
1983-02-01,840.0
1983-03-01,845.8
1983-04-01,856.1
1983-05-01,867.3
1983-06-01,879.8
1983-07-01,865.6
1983-08-01,868.3
1983-09-01,876.3
1983-10-01,891.8
1983-11-01,897.4
1983-12-01,904.3
1984-01-01,896.3
1984-02-01,900.6
1984-03-01,909.5
1984-04-01,922.8
1984-05-01,929.5
1984-06-01,941.9
1984-07-01,934.5
1984-08-01,936.2
1984-09-01,944.3
1984-10-01,952.1
1984-11-01,958.8
1984-12-01,964.1
1985-01-01,951.7
1985-02-01,956.8
1985-03-01,961.1
1985-04-01,964.7
1985-05-01,972.4
1985-06-01,984.2
1985-07-01,976.4
1985-08-01,978.7
1985-09-01,989.4
1985-10-01,993.7
1985-11-01,998.1
1985-12-01,1008.9
1986-01-01,994.9
1986-02-01,997.0
1986-03-01,1001.1
1986-04-01,1010.1
1986-05-01,1018.7
1986-06-01,1026.3
1986-07-01,1021.9
1986-08-01,1021.8
1986-09-01,1028.9
1986-10-01,1039.2
1986-11-01,1048.6
1986-12-01,1054.9
1987-01-01,1034.9
1987-02-01,1041.2
1987-03-01,1048.5
1987-04-01,1055.0
1987-05-01,1063.1
1987-06-01,1073.5
1987-07-01,1063.5
1987-08-01,1068.5
1987-09-01,1076.8
1987-10-01,1092.1
1987-11-01,1100.1
1987-12-01,1112.5
1988-01-01,1091.1
1988-02-01,1097.5
1988-03-01,1107.5
1988-04-01,1118.0
1988-05-01,1126.2
1988-06-01,1134.0
1988-07-01,1130.9
1988-08-01,1132.1
1988-09-01,1140.0
1988-10-01,1154.2
1988-11-01,1160.6
1988-12-01,1167.1
1989-01-01,1141.2
1989-02-01,1150.8
1989-03-01,1158.3
1989-04-01,1151.9
1989-05-01,1156.2
1989-06-01,1163.2
1989-07-01,1147.5
1989-08-01,1145.6
1989-09-01,1156.4
1989-10-01,1159.1
1989-11-01,1171.4
1989-12-01,1179.2
1990-01-01,1170.0
1990-02-01,1179.6
1990-03-01,1187.3
1990-04-01,1178.5
1990-05-01,1182.4
1990-06-01,1188.3
1990-07-01,1178.5
1990-08-01,1175.3
1990-09-01,1178.5
1990-10-01,1182.8
1990-11-01,1189.3
1990-12-01,1191.8
1991-01-01,1153.2
1991-02-01,1154.7
1991-03-01,1156.0
1991-04-01,1157.7
1991-05-01,1159.7
1991-06-01,1164.0
1991-07-01,1152.5
1991-08-01,1149.6
1991-09-01,1154.8
1991-10-01,1158.8
1991-11-01,1157.0
1991-12-01,1154.0
1992-01-01,1126.9
1992-02-01,1128.3
1992-03-01,1138.7
1992-04-01,1139.2
1992-05-01,1141.4
1992-06-01,1145.4
1992-07-01,1134.0
1992-08-01,1131.0
1992-09-01,1137.1
1992-10-01,1142.7
1992-11-01,1145.3
1992-12-01,1146.3
1993-01-01,1111.9
1993-02-01,1119.4
1993-03-01,1128.0
1993-04-01,1123.1
1993-05-01,1128.7
1993-06-01,1134.0
1993-07-01,1122.1
1993-08-01,1121.1
1993-09-01,1128.9
1993-10-01,1129.1
1993-11-01,1132.9
1993-12-01,1142.0
1994-01-01,1112.0
1994-02-01,1120.9
1994-03-01,1130.4
1994-04-01,1127.9
1994-05-01,1132.0
1994-06-01,1139.0
1994-07-01,1132.2
1994-08-01,1132.7
1994-09-01,1145.2
1994-10-01,1143.6
1994-11-01,1155.1
1994-12-01,1166.7
1995-01-01,1133.7
1995-02-01,1147.1
1995-03-01,1153.7
1995-04-01,1151.5
1995-05-01,1157.9
1995-06-01,1168.9
1995-07-01,1154.5
1995-08-01,1159.8
1995-09-01,1172.3
1995-10-01,1168.1
1995-11-01,1178.5
1995-12-01,1189.8
1996-01-01,1165.4
1996-02-01,1177.6
1996-03-01,1183.8
1996-04-01,1187.0
1996-05-01,1197.4
1996-06-01,1202.2
1996-07-01,1184.6
1996-08-01,1188.8
1996-09-01,1199.8
1996-10-01,1202.3
1996-11-01,1212.9
1996-12-01,1222.9
1997-01-01,1194.7
1997-02-01,1207.8
1997-03-01,1220.1
1997-04-01,1231.6
1997-05-01,1242.8
1997-06-01,1252.8
1997-07-01,1242.9
1997-08-01,1245.7
1997-09-01,1255.6
1997-10-01,1264.0
1997-11-01,1271.4
1997-12-01,1284.4
1998-01-01,1271.8
1998-02-01,1278.8
1998-03-01,1287.4
1998-04-01,1295.2
1998-05-01,1306.9
1998-06-01,1318.1
1998-07-01,1307.4
1998-08-01,1310.2
1998-09-01,1319.9
1998-10-01,1325.9
1998-11-01,1333.2
1998-12-01,1342.8
1999-01-01,1317.8
1999-02-01,1329.0
1999-03-01,1338.6
1999-04-01,1344.8
1999-05-01,1350.9
1999-06-01,1357.1
1999-07-01,1350.8
1999-08-01,1349.4
1999-09-01,1359.9
1999-10-01,1365.4
1999-11-01,1371.7
1999-12-01,1380.6
2000-01-01,1355.6
2000-02-01,1369.0
2000-03-01,1379.4
2000-04-01,1381.3
2000-05-01,1392.4
2000-06-01,1401.4
2000-07-01,1392.7
2000-08-01,1398.0
2000-09-01,1411.5
2000-10-01,1406.9
2000-11-01,1414.7
2000-12-01,1424.4
2001-01-01,1410.9
2001-02-01,1418.8
2001-03-01,1427.4
2001-04-01,1424.2
2001-05-01,1427.3
2001-06-01,1432.5
2001-07-01,1410.0
2001-08-01,1410.6
2001-09-01,1414.2
2001-10-01,1412.1
2001-11-01,1415.5
2001-12-01,1419.1
2002-01-01,1385.9
2002-02-01,1393.7
2002-03-01,1404.5
2002-04-01,1401.9
2002-05-01,1410.8
2002-06-01,1414.9
2002-07-01,1397.8
2002-08-01,1402.1
2002-09-01,1411.5
2002-10-01,1422.3
2002-11-01,1428.8
2002-12-01,1437.8
2003-01-01,1407.7
2003-02-01,1414.2
2003-03-01,1421.6
2003-04-01,1425.5
2003-05-01,1434.2
2003-06-01,1441.1
2003-07-01,1436.7
2003-08-01,1436.4
2003-09-01,1439.5
2003-10-01,1450.7
2003-11-01,1457.4
2003-12-01,1462.3
2004-01-01,1432.2
2004-02-01,1438.1
2004-03-01,1447.9
2004-04-01,1455.4
2004-05-01,1465.8
2004-06-01,1470.1
2004-07-01,1468.3
2004-08-01,1464.3
2004-09-01,1466.4
2004-10-01,1480.1
2004-11-01,1490.3
2004-12-01,1495.7
2005-01-01,1463.8
2005-02-01,1478.2
2005-03-01,1484.4
2005-04-01,1494.2
2005-05-01,1500.5
2005-06-01,1508.1
2005-07-01,1501.4
2005-08-01,1501.4
2005-09-01,1505.4
2005-10-01,1510.8
2005-11-01,1519.3
2005-12-01,1527.4
2006-01-01,1497.7
2006-02-01,1512.9
2006-03-01,1520.4
2006-04-01,1522.1
2006-05-01,1529.1
2006-06-01,1535.3
2006-07-01,1526.7
2006-08-01,1527.1
2006-09-01,1532.2
2006-10-01,1542.3
2006-11-01,1545.0
2006-12-01,1549.6
2007-01-01,1515.4
2007-02-01,1522.5
2007-03-01,1527.1
2007-04-01,1524.2
2007-05-01,1526.0
2007-06-01,1529.4
2007-07-01,1527.1
2007-08-01,1518.7
2007-09-01,1522.5
2007-10-01,1528.9
2007-11-01,1533.5
2007-12-01,1535.9
2008-01-01,1506.2
2008-02-01,1510.2
2008-03-01,1510.5
2008-04-01,1511.2
2008-05-01,1510.0
2008-06-01,1507.6
2008-07-01,1492.7
2008-08-01,1483.2
2008-09-01,1484.3
2008-10-01,1483.1
2008-11-01,1474.4
2008-12-01,1467.2
2009-01-01,1425.0
2009-02-01,1417.0
2009-03-01,1411.5
2009-04-01,1402.6
2009-05-01,1398.9
2009-06-01,1391.8
2009-07-01,1367.1
2009-08-01,1358.5
2009-09-01,1361.7
2009-10-01,1376.5
2009-11-01,1376.6
2009-12-01,1378.4
2010-01-01,1350.9
2010-02-01,1354.4
2010-03-01,1357.2
2010-04-01,1369.6
2010-05-01,1379.2
2010-06-01,1380.6
2010-07-01,1366.6
2010-08-01,1365.8
2010-09-01,1369.5
2010-10-01,1386.8
2010-11-01,1393.7
2010-12-01,1396.4
2011-01-01,1371.3
2011-02-01,1375.3
2011-03-01,1379.0
2011-04-01,1382.7
2011-05-01,1386.8
2011-06-01,1390.3
2011-07-01,1385.3
2011-08-01,1382.0
2011-09-01,1392.7
2011-10-01,1397.3
2011-11-01,1411.5
2011-12-01,1412.9
2012-01-01,1389.3
2012-02-01,1397.8
2012-03-01,1406.7
2012-04-01,1417.7
2012-05-01,1428.2
2012-06-01,1433.0
2012-07-01,1420.9
2012-08-01,1420.0
2012-09-01,1432.7
2012-10-01,1444.4
2012-11-01,1459.5
2012-12-01,1462.4
2013-01-01,1434.1
2013-02-01,1447.5
2013-03-01,1451.3
2013-04-01,1460.3
2013-05-01,1467.5
2013-06-01,1471.0
2013-07-01,1458.9
2013-08-01,1463.0
2013-09-01,1464.4
2013-10-01,1476.6
2013-11-01,1490.9
2013-12-01,1492.8
2014-01-01,1464.3
2014-02-01,1476.6
2014-03-01,1482.0
2014-04-01,1488.7
2014-05-01,1501.3
2014-06-01,1498.0
2014-07-01,1488.5
2014-08-01,1494.4
2014-09-01,1501.9
2014-10-01,1519.9
2014-11-01,1533.7
2014-12-01,1538.6
2015-01-01,1513.5
2015-02-01,1523.2
2015-03-01,1527.8
2015-04-01,1534.9
2015-05-01,1538.4
2015-06-01,1545.6
2015-07-01,1543.3
2015-08-01,1546.1
2015-09-01,1553.9
2015-10-01,1575.0
2015-11-01,1582.5
2015-12-01,1585.1
2016-01-01,1558.4
2016-02-01,1569.5
2016-03-01,1569.1
2016-04-01,1579.2
2016-05-01,1583.4
2016-06-01,1580.3
2016-07-01,1579.1
2016-08-01,1578.6
2016-09-01,1591.5
2016-10-01,1613.1
2016-11-01,1623.3
2016-12-01,1625.0
2017-01-01,1586.4
2017-02-01,1596.6
2017-03-01,1603.7
2017-04-01,1610.1
2017-05-01,1620.4
2017-06-01,1622.6
2017-07-01,1610.4
2017-08-01,1615.1
2017-09-01,1626.5
2017-10-01,1642.8
2017-11-01,1652.3
2017-12-01,1656.5
2018-01-01,1629.1
2018-02-01,1642.6
2018-03-01,1645.1
2018-04-01,1647.6
2018-05-01,1651.7
2018-06-01,1651.7
2018-07-01,1643.6
2018-08-01,1648.3
2018-09-01,1653.0
2018-10-01,1671.8
2018-11-01,1678.8
2018-12-01,1677.4
2019-01-01,1649.1
2019-02-01,1659.9
2019-03-01,1663.2
2019-04-01,1671.7
2019-05-01,1678.3
2019-06-01,1679.4
2019-07-01,1668.9
2019-08-01,1670.3
2019-09-01,1674.1
2019-10-01,1690.9
2019-11-01,1701.5
2019-12-01,1696.1
2020-01-01,1675.7
2020-02-01,1685.6
2020-03-01,1662.4
2020-04-01,1415.9
2020-05-01,1413.1
2020-06-01,1469.5
2020-07-01,1466.2
2020-08-01,1477.3
2020-09-01,1493.6
2020-10-01,1535.7
2020-11-01,1555.7
2020-12-01,1542.0
2021-01-01,1497.8
2021-02-01,1530.2
2021-03-01,1542.0
2021-04-01,1564.9
2021-05-01,1576.3
2021-06-01,1578.9
2021-07-01,1593.1
2021-08-01,1601.9
2021-09-01,1604.2
2021-10-01,1645.2
2021-11-01,1657.7
2021-12-01,1661.7
2022-01-01,1626.8
2022-02-01,1648.4
2022-03-01,1651.7
2022-04-01,1664.4
2022-05-01,1667.0
2022-06-01,1670.2
2022-07-01,1662.9
2022-08-01,1667.3
2022-09-01,1672.1
2022-10-01,1683.9
2022-11-01,1689.7
2022-12-01,1687.6
2023-01-01,1653.7
2023-02-01,1663.5
2023-03-01,1662.8
2023-04-01,1670.5
2023-05-01,1679.3
2023-06-01,1681.3
2023-07-01,1673.7
2023-08-01,1678.1
2023-09-01,1683.3
2023-10-01,1689.9
2023-11-01,1695.9
2023-12-01,1698.2
2024-01-01,1683.5
2024-02-01,1680.0
2024-03-01,1680.4
2024-04-01,1686.7
2024-05-01,1691.2
2024-06-01,1685.8
2024-07-01,1682.2
2024-08-01,1678.6
2024-09-01,1686.6
2024-10-01,1707.4
2024-11-01,1712.7
2024-12-01,1706.8
2025-01-01,1675.5
2025-02-01,1680.5
2025-03-01,1682.7
2025-04-01,1697.9
2025-05-01,1701.5
2025-06-01,1693.4
2025-07-01,1681.2
2025-08-01,1681.4
2025-09-01,1678.4
2025-10-01,1694.4
2025-11-01,1698.3
2025-12-01,1698.0
2026-01-01,1676.6
2026-02-01,1674.5
2026-03-01,1681.7
2026-04-01,1688.7
2026-05-01,1694.9
2026-06-01,1699.3
2026-07-01,1691.1
2026-08-01,1685.7
